Time (ms),Voltage (mV)
0.0,-61.38143049562272
0.02,-61.318860230081825
0.04,-61.19371969900003
0.06000000000000001,-60.943438636836426
0.08,-61.06857916791822
0.1,-61.13114943345913
0.12000000000000002,-61.22500483177048
0.14,-61.19371969900003
0.16,-61.06857916791822
0.18000000000000002,-61.06857916791822
0.2,-61.16243456622958
0.22,-61.256289964540926
0.24000000000000005,-61.22500483177048
0.26,-61.256289964540926
0.28,-61.318860230081825
0.30000000000000004,-61.19371969900003
0.32,-61.287575097311375
0.34,-61.256289964540926
0.36000000000000004,-61.22500483177048
0.38,-61.16243456622958
0.4,-61.318860230081825
0.42000000000000004,-61.256289964540926
0.44,-61.13114943345913
0.46,-61.006008902377324
0.4800000000000001,-61.006008902377324
0.5,-61.06857916791822
0.52,-61.16243456622958
0.54,-61.19371969900003
0.56,-61.13114943345913
0.58,-61.06857916791822
0.6000000000000001,-61.06857916791822
0.62,-61.19371969900003
0.64,-61.16243456622958
0.6600000000000001,-61.06857916791822
0.68,-61.16243456622958
0.7000000000000001,-61.256289964540926
0.7200000000000001,-61.09986430068867
0.7400000000000001,-61.006008902377324
0.76,-60.943438636836426
0.7800000000000001,-60.974723769606875
0.8,-60.974723769606875
0.8200000000000001,-61.13114943345913
0.8400000000000001,-60.943438636836426
0.8600000000000001,-60.84958323852507
0.88,-60.91215350406598
0.9000000000000001,-60.88086837129553
0.92,-60.88086837129553
0.9400000000000001,-60.943438636836426
0.9600000000000002,-60.88086837129553
0.9800000000000002,-60.88086837129553
1.0,-60.943438636836426
1.02,-61.006008902377324
1.04,-60.974723769606875
1.0600000000000003,-61.037294035147774
1.08,-61.006008902377324
1.1,-61.09986430068867
1.12,-60.974723769606875
1.1400000000000001,-60.943438636836426
1.16,-60.91215350406598
1.1800000000000002,-61.006008902377324
1.2000000000000002,-60.88086837129553
1.2200000000000002,-60.84958323852507
1.24,-60.943438636836426
1.26,-60.974723769606875
1.28,-61.037294035147774
1.3000000000000003,-61.09986430068867
1.3200000000000003,-61.09986430068867
1.34,-61.09986430068867
1.36,-61.19371969900003
1.3800000000000001,-61.13114943345913
1.4000000000000001,-61.06857916791822
1.42,-60.91215350406598
1.4400000000000002,-60.943438636836426
1.4600000000000002,-61.037294035147774
1.4800000000000002,-61.006008902377324
1.5,-60.974723769606875
1.52,-61.037294035147774
1.54,-61.09986430068867
1.5600000000000003,-61.287575097311375
1.58,-61.19371969900003
1.6,-61.006008902377324
1.62,-60.943438636836426
1.6400000000000001,-60.88086837129553
1.6600000000000001,-60.943438636836426
1.6800000000000002,-61.06857916791822
1.7000000000000002,-60.91215350406598
1.7200000000000002,-61.006008902377324
1.7400000000000002,-60.943438636836426
1.76,-61.09986430068867
1.78,-61.006008902377324
1.8000000000000003,-60.974723769606875
1.8200000000000003,-60.91215350406598
1.84,-60.974723769606875
1.86,-60.91215350406598
1.8800000000000001,-60.81829810575463
1.9000000000000001,-60.81829810575463
1.9200000000000004,-61.06857916791822
1.9400000000000002,-61.09986430068867
1.9600000000000004,-60.974723769606875
1.98,-60.88086837129553
2.0,-61.006008902377324
2.02,-61.037294035147774
2.04,-60.974723769606875
2.06,-60.88086837129553
2.08,-61.037294035147774
2.1,-61.09986430068867
2.1200000000000006,-61.006008902377324
2.14,-60.88086837129553
2.16,-60.943438636836426
2.18,-61.06857916791822
2.2,-60.91215350406598
2.22,-60.78701297298417
2.24,-60.81829810575463
2.2600000000000002,-61.06857916791822
2.2800000000000002,-61.06857916791822
2.3000000000000003,-60.91215350406598
2.32,-60.78701297298417
2.34,-60.943438636836426
2.3600000000000003,-61.09986430068867
2.3800000000000003,-60.91215350406598
2.4000000000000004,-60.75572784021373
2.4200000000000004,-60.81829810575463
2.4400000000000004,-60.84958323852507
2.4600000000000004,-60.88086837129553
2.48,-61.09986430068867
2.5,-60.78701297298417
2.52,-60.599302176361476
2.54,-60.72444270744327
2.56,-60.81829810575463
2.58,-60.693157574672824
2.6000000000000005,-60.72444270744327
2.6200000000000006,-60.56801704359103
2.6400000000000006,-60.599302176361476
2.66,-60.693157574672824
2.68,-60.661872441902375
2.7,-60.50544677805013
2.72,-60.56801704359103
2.74,-60.78701297298417
2.7600000000000002,-60.661872441902375
2.7800000000000002,-60.41159137973877
2.8000000000000003,-60.349021114197875
2.82,-60.31773598142743
2.84,-60.44287651250923
2.8600000000000003,-60.47416164527967
2.8800000000000003,-60.53673191082058
2.9000000000000004,-60.50544677805013
2.9200000000000004,-60.41159137973877
2.9400000000000004,-60.41159137973877
2.9600000000000004,-60.53673191082058
2.9800000000000004,-60.44287651250923
3.0,-60.41159137973877
3.02,-60.38030624696833
3.04,-60.50544677805013
3.06,-60.47416164527967
3.08,-60.38030624696833
3.1000000000000005,-60.349021114197875
3.1200000000000006,-60.349021114197875
3.1400000000000006,-60.38030624696833
3.16,-60.50544677805013
3.18,-60.50544677805013
3.2,-60.349021114197875
3.22,-60.16131031757518
3.24,-60.38030624696833
3.2600000000000002,-60.50544677805013
3.2800000000000002,-60.47416164527967
3.3000000000000003,-60.09874005203428
3.3200000000000003,-60.06745491926383
3.3400000000000003,-60.16131031757518
3.3600000000000003,-60.41159137973877
3.3800000000000003,-60.286450848656976
3.4000000000000004,-60.06745491926383
3.4200000000000004,-60.19259545034563
3.4400000000000004,-60.38030624696833
3.4600000000000004,-60.09874005203428
3.4800000000000004,-60.09874005203428
3.5,-60.06745491926383
3.52,-60.09874005203428
3.54,-60.22388058311608
3.56,-60.13002518480473
3.58,-60.22388058311608
3.6000000000000005,-59.879744122641135
3.6200000000000006,-60.036169786493375
3.6400000000000006,-60.22388058311608
3.6600000000000006,-60.25516571588653
3.68,-60.349021114197875
3.7,-60.16131031757518
3.72,-60.00488465372293
3.74,-60.00488465372293
3.7600000000000002,-60.19259545034563
3.7800000000000002,-60.16131031757518
3.8000000000000003,-60.06745491926383
3.8200000000000003,-59.973599520952476
3.8400000000000007,-60.00488465372293
3.8600000000000003,-60.09874005203428
3.8800000000000003,-60.13002518480473
3.9000000000000004,-60.13002518480473
3.920000000000001,-60.06745491926383
3.94,-60.09874005203428
3.96,-60.13002518480473
3.98,-60.09874005203428
4.0,-60.036169786493375
4.0200000000000005,-60.00488465372293
4.04,-60.09874005203428
4.0600000000000005,-60.13002518480473
4.08,-60.036169786493375
4.1000000000000005,-60.06745491926383
4.12,-60.19259545034563
4.140000000000001,-60.22388058311608
4.16,-60.13002518480473
4.180000000000001,-60.09874005203428
4.2,-60.19259545034563
4.220000000000001,-60.16131031757518
4.240000000000001,-60.16131031757518
4.260000000000001,-60.09874005203428
4.28,-60.036169786493375
4.3,-60.16131031757518
4.32,-60.09874005203428
4.34,-60.06745491926383
4.36,-60.06745491926383
4.38,-60.09874005203428
4.4,-60.00488465372293
4.42,-59.942314388182034
4.44,-59.973599520952476
4.460000000000001,-60.16131031757518
4.48,-60.16131031757518
4.500000000000001,-60.09874005203428
4.5200000000000005,-59.942314388182034
4.540000000000001,-60.09874005203428
4.5600000000000005,-60.09874005203428
4.580000000000001,-60.09874005203428
4.6000000000000005,-60.13002518480473
4.62,-60.036169786493375
4.64,-60.00488465372293
4.66,-60.00488465372293
4.68,-60.09874005203428
4.7,-60.16131031757518
4.720000000000001,-60.06745491926383
4.74,-59.942314388182034
4.760000000000001,-59.973599520952476
4.78,-60.19259545034563
4.800000000000001,-60.286450848656976
4.82,-60.22388058311608
4.840000000000001,-60.16131031757518
4.86,-60.06745491926383
4.880000000000001,-60.13002518480473
4.9,-60.31773598142743
4.920000000000001,-60.349021114197875
4.94,-60.19259545034563
4.96,-60.13002518480473
4.98,-60.13002518480473
5.0,-60.19259545034563
5.0200000000000005,-60.19259545034563
5.04,-60.036169786493375
5.0600000000000005,-60.06745491926383
5.08,-60.25516571588653
5.1000000000000005,-60.349021114197875
5.12,-60.22388058311608
5.140000000000001,-60.13002518480473
5.16,-60.06745491926383
5.180000000000001,-60.09874005203428
5.200000000000001,-60.16131031757518
5.220000000000001,-60.19259545034563
5.240000000000001,-60.16131031757518
5.260000000000001,-60.06745491926383
5.280000000000001,-60.06745491926383
5.3,-60.06745491926383
5.32,-60.19259545034563
5.34,-60.19259545034563
5.36,-60.09874005203428
5.38,-60.00488465372293
5.4,-59.973599520952476
5.42,-59.91102925541158
5.44,-60.16131031757518
5.460000000000001,-60.25516571588653
5.48,-60.16131031757518
5.500000000000001,-60.00488465372293
5.5200000000000005,-60.09874005203428
5.540000000000001,-60.16131031757518
5.5600000000000005,-60.16131031757518
5.580000000000001,-60.16131031757518
5.6000000000000005,-60.19259545034563
5.620000000000001,-60.036169786493375
5.64,-59.942314388182034
5.66,-59.81717385710023
5.68,-60.00488465372293
5.7,-60.13002518480473
5.720000000000001,-60.13002518480473
5.74,-60.036169786493375
5.760000000000001,-60.036169786493375
5.78,-60.06745491926383
5.800000000000001,-60.09874005203428
5.82,-60.06745491926383
5.840000000000001,-60.036169786493375
5.86,-60.09874005203428
5.880000000000001,-60.06745491926383
5.9,-60.16131031757518
5.920000000000001,-60.09874005203428
5.940000000000001,-60.13002518480473
5.960000000000001,-60.036169786493375
5.98,-59.973599520952476
6.0,-60.00488465372293
6.0200000000000005,-60.16131031757518
6.04,-60.31773598142743
6.0600000000000005,-60.22388058311608
6.08,-60.16131031757518
6.1000000000000005,-60.06745491926383
6.12,-60.09874005203428
6.140000000000001,-60.13002518480473
6.16,-60.09874005203428
6.180000000000001,-60.06745491926383
6.200000000000001,-60.09874005203428
6.220000000000001,-60.00488465372293
6.240000000000001,-60.00488465372293
6.260000000000001,-60.06745491926383
6.280000000000001,-60.286450848656976
6.300000000000001,-60.349021114197875
6.32,-60.09874005203428
6.34,-59.91102925541158
6.36,-60.09874005203428
6.38,-60.19259545034563
6.4,-60.09874005203428
6.42,-60.13002518480473
6.44,-60.13002518480473
6.460000000000001,-60.19259545034563
6.48,-60.00488465372293
6.500000000000001,-59.91102925541158
6.5200000000000005,-59.81717385710023
6.540000000000001,-59.91102925541158
6.5600000000000005,-60.13002518480473
6.580000000000001,-60.22388058311608
6.6000000000000005,-60.16131031757518
6.620000000000001,-60.06745491926383
6.640000000000001,-60.06745491926383
6.66,-60.13002518480473
6.680000000000001,-60.06745491926383
6.7,-60.09874005203428
6.720000000000001,-60.06745491926383
6.74,-59.84845898987068
6.760000000000001,-60.09874005203428
6.78,-60.09874005203428
6.800000000000001,-60.13002518480473
6.82,-59.973599520952476
6.840000000000001,-60.036169786493375
6.86,-60.00488465372293
6.880000000000001,-59.81717385710023
6.9,-59.973599520952476
6.920000000000001,-60.16131031757518
6.940000000000001,-60.06745491926383
6.960000000000001,-59.942314388182034
6.980000000000001,-60.09874005203428
7.0,-60.036169786493375
7.0200000000000005,-59.942314388182034
7.04,-60.09874005203428
7.0600000000000005,-60.16131031757518
7.08,-60.00488465372293
7.1000000000000005,-60.036169786493375
7.12,-60.16131031757518
7.140000000000001,-60.16131031757518
7.16,-59.973599520952476
7.180000000000001,-59.879744122641135
7.200000000000001,-60.25516571588653
7.220000000000001,-60.44287651250923
7.240000000000001,-60.09874005203428
7.260000000000001,-60.00488465372293
7.280000000000001,-59.942314388182034
7.300000000000001,-59.973599520952476
7.320000000000001,-60.06745491926383
7.34,-60.06745491926383
7.36,-60.13002518480473
7.38,-60.19259545034563
7.4,-60.19259545034563
7.420000000000001,-60.06745491926383
7.44,-60.036169786493375
7.460000000000001,-60.09874005203428
7.48,-60.25516571588653
7.500000000000001,-60.13002518480473
7.5200000000000005,-60.13002518480473
7.540000000000001,-60.036169786493375
7.5600000000000005,-60.06745491926383
7.580000000000001,-60.22388058311608
7.6000000000000005,-60.09874005203428
7.620000000000001,-60.036169786493375
7.640000000000001,-60.036169786493375
7.660000000000001,-60.13002518480473
7.6800000000000015,-60.036169786493375
7.7,-59.973599520952476
7.720000000000001,-60.00488465372293
7.74,-60.19259545034563
7.760000000000001,-60.13002518480473
7.78,-59.942314388182034
7.800000000000001,-59.84845898987068
7.82,-60.036169786493375
7.840000000000002,-60.00488465372293
7.86,-59.973599520952476
7.88,-59.879744122641135
7.9,-60.00488465372293
7.92,-60.06745491926383
7.940000000000001,-59.973599520952476
7.96,-59.973599520952476
7.980000000000001,-60.036169786493375
8.0,-59.973599520952476
8.020000000000001,-59.91102925541158
8.040000000000001,-59.91102925541158
8.06,-59.91102925541158
8.08,-60.13002518480473
8.100000000000001,-59.942314388182034
8.120000000000001,-59.973599520952476
8.14,-59.91102925541158
8.16,-59.91102925541158
8.180000000000001,-59.973599520952476
8.200000000000001,-60.00488465372293
8.22,-59.942314388182034
8.24,-59.84845898987068
8.26,-59.81717385710023
8.280000000000001,-60.00488465372293
8.3,-60.00488465372293
8.32,-60.00488465372293
8.34,-59.91102925541158
8.360000000000001,-59.72331845878888
8.38,-59.78588872432978
8.4,-59.973599520952476
8.42,-60.13002518480473
8.440000000000001,-59.942314388182034
8.46,-59.78588872432978
8.480000000000002,-59.66074819324798
8.5,-59.81717385710023
8.520000000000001,-59.942314388182034
8.540000000000001,-59.942314388182034
8.56,-59.879744122641135
8.58,-59.692033326018425
8.6,-59.78588872432978
8.620000000000001,-59.78588872432978
8.64,-59.692033326018425
8.66,-59.879744122641135
8.68,-59.942314388182034
8.700000000000001,-59.942314388182034
8.72,-59.78588872432978
8.740000000000002,-59.78588872432978
8.76,-59.78588872432978
8.780000000000001,-59.78588872432978
8.8,-59.81717385710023
8.820000000000002,-59.72331845878888
8.84,-59.66074819324798
8.860000000000001,-59.66074819324798
8.88,-59.692033326018425
8.9,-59.692033326018425
8.920000000000002,-59.692033326018425
8.94,-59.81717385710023
8.96,-59.75460359155933
8.98,-59.66074819324798
9.000000000000002,-59.66074819324798
9.02,-59.66074819324798
9.040000000000001,-59.72331845878888
9.06,-59.66074819324798
9.080000000000002,-59.59817792770708
9.1,-59.59817792770708
9.120000000000001,-59.66074819324798
9.14,-59.72331845878888
9.160000000000002,-59.59817792770708
9.180000000000001,-59.56689279493663
9.200000000000001,-59.50432252939573
9.22,-59.629463060477526
9.24,-59.84845898987068
9.260000000000002,-59.75460359155933
9.28,-59.692033326018425
9.3,-59.59817792770708
9.32,-59.59817792770708
9.340000000000002,-59.66074819324798
9.36,-59.56689279493663
9.38,-59.53560766216618
9.4,-59.59817792770708
9.420000000000002,-59.66074819324798
9.440000000000001,-59.629463060477526
9.46,-59.629463060477526
9.48,-59.692033326018425
9.500000000000002,-59.692033326018425
9.520000000000001,-59.56689279493663
9.540000000000001,-59.41046713108438
9.56,-59.53560766216618
9.58,-59.81717385710023
9.600000000000001,-59.91102925541158
9.62,-59.692033326018425
9.64,-59.629463060477526
9.66,-59.66074819324798
9.680000000000001,-59.91102925541158
9.700000000000001,-59.942314388182034
9.72,-59.72331845878888
9.74,-59.56689279493663
9.760000000000002,-59.72331845878888
9.780000000000001,-59.78588872432978
9.8,-59.72331845878888
9.82,-59.53560766216618
9.840000000000002,-59.56689279493663
9.860000000000001,-59.629463060477526
9.88,-59.629463060477526
9.9,-59.629463060477526
9.92,-59.50432252939573
9.940000000000001,-59.47303739662528
9.96,-59.41046713108438
9.98,-59.692033326018425
10.0,-59.78588872432978
10.020000000000001,-59.47303739662528
10.040000000000001,-59.16018606892078
10.06,-59.34789686554348
10.08,-59.47303739662528
10.100000000000001,-59.629463060477526
10.120000000000001,-59.44175226385483
10.14,-59.16018606892078
10.16,-59.09761580337988
10.180000000000001,-59.19147120169123
10.200000000000001,-59.34789686554348
10.220000000000002,-59.222756334461685
10.24,-59.09761580337988
10.26,-59.09761580337988
10.280000000000001,-59.25404146723213
10.3,-59.34789686554348
10.32,-59.19147120169123
10.34,-59.00376040506853
10.360000000000001,-59.09761580337988
10.38,-58.94119013952763
10.400000000000002,-59.06633067060943
10.42,-59.06633067060943
10.440000000000001,-59.03504553783898
10.46,-58.909905006757185
10.480000000000002,-59.09761580337988
10.5,-58.972475272298084
10.520000000000001,-58.78476447567538
10.540000000000001,-58.78476447567538
10.560000000000002,-58.75347934290493
10.58,-58.84733474121629
10.6,-58.81604960844583
10.620000000000001,-58.87861987398673
10.64,-58.78476447567538
10.660000000000002,-58.78476447567538
10.68,-58.659623944593584
10.700000000000001,-58.81604960844583
10.72,-58.75347934290493
10.740000000000002,-58.659623944593584
10.76,-58.72219421013448
10.780000000000001,-58.597053679052685
10.8,-58.47191314797089
10.820000000000002,-58.69090907736403
10.84,-58.78476447567538
10.860000000000001,-58.534483413511786
10.88,-58.47191314797089
10.900000000000002,-58.44062801520043
10.920000000000002,-58.50319828074133
10.94,-58.628338811823134
10.96,-58.534483413511786
10.98,-58.37805774965953
11.000000000000002,-58.315487484118634
11.02,-58.34677261688908
11.040000000000001,-58.315487484118634
11.06,-58.315487484118634
11.080000000000002,-58.284202351348185
11.1,-58.03392128918458
11.120000000000001,-58.002636156414134
11.14,-58.12777668749593
11.160000000000002,-58.19034695303684
11.180000000000001,-58.252917218577736
11.200000000000001,-58.252917218577736
11.22,-58.19034695303684
11.240000000000002,-58.03392128918458
11.260000000000002,-57.90878075810278
11.28,-58.06520642195503
11.3,-57.971351023643685
11.32,-57.940065890873235
11.340000000000002,-58.002636156414134
11.36,-58.03392128918458
11.38,-57.90878075810278
11.4,-57.87749562533234
11.420000000000002,-57.81492535979144
11.440000000000001,-57.81492535979144
11.46,-57.72106996148008
11.48,-57.658499695939184
11.500000000000002,-57.595929430398286
11.520000000000001,-57.595929430398286
11.540000000000001,-57.75235509425054
11.56,-57.75235509425054
11.580000000000002,-57.595929430398286
11.600000000000001,-57.56464429762784
11.620000000000001,-57.53335916485739
11.64,-57.53335916485739
11.66,-57.53335916485739
11.680000000000001,-57.47078889931648
11.700000000000001,-57.43950376654604
11.72,-57.50207403208694
11.74,-57.345648368234684
11.760000000000002,-57.251792969923336
11.780000000000001,-57.22050783715289
11.8,-57.12665243884154
11.82,-57.345648368234684
11.840000000000002,-57.251792969923336
11.860000000000001,-57.22050783715289
11.880000000000003,-57.032797040530184
11.9,-57.12665243884154
11.920000000000002,-57.22050783715289
11.940000000000001,-57.251792969923336
11.96,-57.22050783715289
11.98,-57.18922270438244
12.0,-57.22050783715289
12.020000000000001,-57.09536730607108
12.040000000000001,-57.00151190775974
12.06,-57.00151190775974
12.08,-57.032797040530184
12.100000000000001,-57.032797040530184
12.120000000000001,-57.09536730607108
12.140000000000002,-57.12665243884154
12.16,-57.032797040530184
12.180000000000001,-56.90765650944839
12.200000000000001,-56.970226774989285
12.220000000000002,-56.93894164221884
12.24,-56.84508624390749
12.260000000000002,-56.75123084559613
12.280000000000001,-56.81380111113704
12.3,-56.87637137667794
12.32,-56.93894164221884
12.34,-56.970226774989285
12.360000000000001,-56.81380111113704
12.38,-56.93894164221884
12.400000000000002,-56.87637137667794
12.42,-56.75123084559613
12.440000000000001,-56.626090314514336
12.46,-56.657375447284785
12.480000000000002,-56.90765650944839
12.5,-56.87637137667794
12.520000000000001,-56.657375447284785
12.540000000000001,-56.46966465066209
12.560000000000002,-56.43837951789163
12.58,-56.59480518174389
12.600000000000001,-56.657375447284785
12.620000000000001,-56.56352004897344
12.64,-56.40709438512119
12.660000000000002,-56.46966465066209
12.68,-56.46966465066209
12.700000000000001,-56.40709438512119
12.72,-56.46966465066209
12.740000000000002,-56.25066872126894
12.76,-56.15681332295759
12.780000000000001,-56.18809845572804
12.8,-56.25066872126894
12.820000000000002,-56.43837951789163
12.84,-56.313238986809836
12.860000000000001,-56.03167279187579
12.88,-55.906532260793995
12.900000000000002,-56.06295792464624
12.920000000000002,-56.34452411958029
12.940000000000001,-56.21938358849849
12.96,-56.03167279187579
12.98,-55.96910252633489
13.000000000000002,-55.96910252633489
13.02,-55.93781739356444
13.040000000000001,-56.12552819018714
13.06,-56.12552819018714
13.080000000000002,-55.843961995253096
13.100000000000001,-55.71882146417129
13.120000000000001,-55.71882146417129
13.14,-55.843961995253096
13.160000000000002,-55.81267686248264
13.180000000000001,-55.71882146417129
13.200000000000001,-55.65625119863039
13.22,-55.78139172971219
13.240000000000002,-55.906532260793995
13.260000000000002,-55.81267686248264
13.280000000000001,-55.49982553477814
13.3,-55.624966065859944
13.32,-55.843961995253096
13.340000000000002,-55.81267686248264
13.360000000000001,-55.71882146417129
13.38,-55.624966065859944
13.4,-55.624966065859944
13.420000000000002,-55.56239580031904
13.440000000000001,-55.531110667548596
13.46,-55.43725526923724
13.48,-55.4685404020077
13.500000000000002,-55.43725526923724
13.520000000000001,-55.531110667548596
13.540000000000001,-55.68753633140084
13.56,-55.65625119863039
13.580000000000002,-55.49982553477814
13.600000000000001,-55.37468500369634
13.620000000000003,-55.49982553477814
13.64,-55.56239580031904
13.66,-55.49982553477814
13.680000000000001,-55.43725526923724
13.700000000000001,-55.40597013646679
13.72,-55.34339987092589
13.74,-55.312114738155444
13.760000000000002,-55.40597013646679
13.780000000000001,-55.43725526923724
13.8,-55.312114738155444
13.82,-55.21825933984409
13.840000000000002,-55.09311880876229
13.860000000000001,-55.21825933984409
13.880000000000003,-55.28082960538499
13.9,-55.21825933984409
13.920000000000002,-55.21825933984409
13.940000000000001,-55.18697420707364
13.960000000000003,-55.21825933984409
13.98,-55.21825933984409
14.0,-55.09311880876229
14.020000000000001,-54.96797827768049
14.040000000000001,-54.81155261382825
14.06,-54.936693144910045
14.08,-54.99926341045094
14.100000000000001,-54.99926341045094
14.120000000000001,-54.936693144910045
14.140000000000002,-54.78026748105779
14.16,-54.81155261382825
14.180000000000001,-54.99926341045094
14.200000000000001,-55.03054854322139
14.220000000000002,-54.874122879369146
14.24,-54.874122879369146
14.260000000000002,-54.90540801213959
14.280000000000001,-54.96797827768049
14.300000000000002,-54.78026748105779
14.32,-54.74898234828734
14.34,-54.71769721551689
14.360000000000001,-54.84283774659869
14.38,-54.78026748105779
14.400000000000002,-54.78026748105779
14.42,-54.71769721551689
14.440000000000001,-54.71769721551689
14.46,-54.74898234828734
14.480000000000002,-54.90540801213959
14.5,-54.68641208274644
14.520000000000001,-54.46741615335329
14.540000000000001,-54.40484588781239
14.560000000000002,-54.623841817205545
14.58,-54.655126949975994
14.600000000000001,-54.74898234828734
14.620000000000001,-54.655126949975994
14.640000000000002,-54.52998641889419
14.660000000000002,-54.49870128612375
14.68,-54.43613102058285
14.700000000000001,-54.37356075504195
14.72,-54.52998641889419
14.740000000000002,-54.40484588781239
14.76,-54.310990489501044
14.780000000000001,-54.2171350911897
14.8,-54.1545648256488
14.820000000000002,-54.1545648256488
14.840000000000002,-54.2171350911897
14.860000000000001,-54.1545648256488
14.88,-54.029424294566994
14.900000000000002,-53.966854029026095
14.920000000000002,-53.93556889625565
14.940000000000001,-53.93556889625565
14.96,-53.7791432324034
14.980000000000002,-53.93556889625565
15.000000000000002,-53.87299863071474
15.02,-53.7165729668625
15.040000000000001,-53.56014730301025
15.06,-53.591432435780696
15.080000000000002,-53.56014730301025
15.100000000000001,-53.622717568551145
15.120000000000001,-53.622717568551145
15.14,-53.43500677192844
15.160000000000002,-53.3411513736171
15.180000000000001,-53.2160108425353
15.200000000000001,-53.2160108425353
15.22,-53.24729597530575
15.240000000000002,-53.1534405769944
15.260000000000002,-53.12215544422395
15.280000000000001,-53.0283000459126
15.3,-53.12215544422395
15.320000000000002,-53.12215544422395
15.340000000000002,-53.1534405769944
15.360000000000003,-52.80930411651945
15.38,-52.68416358543765
15.4,-52.7154487182081
15.420000000000002,-52.68416358543765
15.440000000000001,-52.621593319896746
15.46,-52.590308187126304
15.48,-52.527737921585405
15.500000000000002,-52.46516765604451
15.520000000000001,-52.43388252327405
15.540000000000001,-52.49645278881495
15.56,-52.30874199219225
15.580000000000002,-52.2148865938809
15.600000000000001,-52.18360146111045
15.620000000000003,-52.0897460627991
15.64,-52.0897460627991
15.66,-52.18360146111045
15.680000000000003,-51.933320398946854
15.700000000000003,-51.9646055317173
15.72,-51.870750133405956
15.74,-51.9020352661764
15.76,-51.9020352661764
15.780000000000003,-51.7143244695537
15.8,-51.4640434073901
15.82,-51.43275827461966
15.84,-51.37018800907875
15.860000000000003,-51.0886218141447
15.880000000000003,-50.86962588475155
15.9,-50.93219615029245
15.92,-50.900911017522006
15.940000000000003,-50.74448535366975
15.960000000000003,-50.556774557047056
15.98,-50.52548942427661
16.0,-50.556774557047056
16.020000000000003,-50.40034889319481
16.040000000000003,-50.21263809657211
16.060000000000002,-50.05621243271985
16.080000000000002,-49.993642167178955
16.1,-49.86850163609716
16.12,-49.618220573933556
16.14,-49.36793951176996
16.16,-49.24279898068816
16.18,-49.023803051295005
16.200000000000003,-48.77352198913141
16.220000000000002,-48.52324092696781
16.240000000000002,-47.960108537099714
16.26,-47.271835616149815
16.28,-46.95898428844532
16.3,-46.48970729688857
16.32,-45.89528977425002
16.34,-44.83159526005472
16.360000000000003,-42.73549136443458
16.380000000000003,-38.136576847178446
16.400000000000002,-30.87842604443406
16.42,-22.806861789657987
16.44,-15.548710986913605
16.46,-9.229114167282724
16.48,-2.878232214881392
16.5,3.44136460474949
16.52,7.977708856464727
16.540000000000003,9.823531689921271
16.560000000000002,9.604535760528123
16.580000000000002,8.697266910185075
16.6,7.852568325382928
16.620000000000005,6.476022483483131
16.64,4.223492924010738
16.66,0.9072688503430474
16.68,-2.7843768165700418
16.700000000000003,-6.131886023008183
16.720000000000002,-9.573250627757673
16.740000000000002,-12.920759834195813
16.76,-16.205698775093055
16.78,-19.55320798153119
16.8,-22.744291524117088
16.82,-25.622523738998478
16.84,-28.50075595387987
16.86,-31.31641790322036
16.880000000000003,-33.881798790397255
16.900000000000002,-36.44717967757415
16.92,-38.88742003366924
16.94,-40.952238796518934
16.960000000000004,-42.76677649720503
16.98,-44.48745879957977
17.0,-46.301996500265865
17.02,-47.991393669870156
17.040000000000003,-49.336654378999505
17.060000000000002,-50.40034889319481
17.080000000000002,-51.43275827461966
17.1,-52.402597390503594
17.12,-53.372436506387544
17.140000000000004,-54.18584995841925
17.16,-54.936693144910045
17.18,-55.49982553477814
17.2,-55.81267686248264
17.220000000000002,-56.18809845572804
17.240000000000002,-56.59480518174389
17.26,-57.06408217330064
17.28,-57.53335916485739
17.300000000000004,-57.658499695939184
17.32,-58.03392128918458
17.34,-58.47191314797089
17.36,-58.94119013952763
17.380000000000003,-59.09761580337988
17.400000000000002,-59.09761580337988
17.42,-59.19147120169123
17.44,-59.50432252939573
17.46,-59.78588872432978
17.480000000000004,-59.91102925541158
17.5,-60.06745491926383
17.52,-60.41159137973877
17.54,-60.84958323852507
17.560000000000002,-61.09986430068867
17.580000000000002,-61.09986430068867
17.6,-61.006008902377324
17.62,-61.38143049562272
17.640000000000004,-61.78813722163858
17.660000000000004,-61.913277752720376
17.68,-62.06970341657262
17.7,-62.13227368211352
17.720000000000002,-62.288699345965775
17.740000000000002,-62.60155067367027
17.76,-62.72669120475208
17.78,-63.03954253245657
17.8,-63.07082766522702
17.820000000000004,-63.227253329079275
17.840000000000003,-63.32110872739062
17.86,-63.602674922324674
17.88,-63.946811382799616
17.900000000000002,-64.22837757773367
17.92,-64.32223297604502
17.94,-64.35351810881546
17.96,-64.60379917097907
17.980000000000004,-64.85408023314267
18.000000000000004,-65.13564642807671
18.02,-65.19821669361761
18.04,-65.35464235746987
18.060000000000002,-65.4484977557812
18.080000000000002,-65.69877881794481
18.1,-65.98034501287886
18.12,-66.0742004111902
18.14,-66.10548554396065
18.160000000000004,-66.26191120781291
18.180000000000003,-66.51219226997651
18.2,-66.60604766828786
18.22,-66.91889899599236
18.240000000000002,-66.98146926153325
18.26,-67.10660979261506
18.28,-67.16918005815596
18.3,-67.2630354564673
18.320000000000004,-67.41946112031955
18.340000000000003,-67.73231244802405
18.360000000000003,-67.6384570497127
18.38,-67.79488271356496
18.400000000000002,-67.70102731525361
18.42,-68.10773404126945
18.44,-68.29544483789215
18.46,-68.2641597051217
18.48,-68.23287457235125
18.500000000000004,-68.3893002362035
18.520000000000003,-68.5770110328262
18.54,-68.67086643113755
18.56,-68.60829616559666
18.580000000000002,-68.60829616559666
18.6,-69.04628802438295
18.62,-69.23399882100566
18.64,-69.26528395377609
18.660000000000004,-69.23399882100566
18.680000000000003,-69.327854219317
18.700000000000003,-69.5155650159397
18.72,-69.73456094533286
18.740000000000002,-69.82841634364421
18.76,-69.82841634364421
18.78,-69.82841634364421
18.8,-69.98484200749645
18.82,-70.0786974058078
18.840000000000003,-70.2038379368896
18.860000000000003,-70.1412676713487
18.880000000000003,-70.17255280411915
18.9,-70.23512306966005
18.92,-70.4541189990532
18.94,-70.57925953013499
18.96,-70.57925953013499
18.98,-70.61054466290545
19.000000000000004,-70.73568519398725
19.020000000000003,-71.1423919200031
19.040000000000003,-71.11110678723264
19.060000000000002,-70.92339599060995
19.080000000000002,-70.86082572506905
19.1,-71.0172513889213
19.12,-71.17367705277354
19.14,-71.33010271662579
19.16,-71.20496218554399
19.180000000000003,-71.1423919200031
19.200000000000003,-71.42395811493715
19.220000000000002,-71.48652838047805
19.24,-71.54909864601895
19.26,-71.45524324770759
19.28,-71.5178135132485
19.3,-71.73680944264164
19.32,-71.86194997372344
19.340000000000003,-71.95580537203479
19.360000000000003,-71.89323510649389
19.380000000000003,-71.7055243098712
19.400000000000002,-71.83066484095299
19.42,-71.98709050480524
19.44,-72.04966077034615
19.46,-72.17480130142795
19.48,-72.04966077034615
19.5,-72.17480130142795
19.520000000000003,-72.29994183250975
19.540000000000003,-72.48765262913244
19.560000000000002,-72.45636749636199
19.580000000000002,-72.3312269652802
19.6,-72.23737156696885
19.62,-72.51893776190289
19.64,-72.64407829298469
19.66,-72.61279316021424
19.680000000000003,-72.58150802744379
19.700000000000003,-72.58150802744379
19.720000000000002,-72.80050395683695
19.740000000000002,-72.80050395683695
19.76,-72.8943593551483
19.78,-72.92564448791875
19.8,-72.92564448791875
19.82,-72.8317890896074
19.84,-72.80050395683695
19.860000000000003,-72.8943593551483
19.880000000000003,-73.0194998862301
19.900000000000002,-72.98821475345964
19.92,-72.98821475345964
19.94,-73.08207015177099
19.96,-73.30106608116414
19.98,-73.11335528454144
20.0,-73.08207015177099
20.020000000000003,-73.11335528454144
20.040000000000003,-73.08207015177099
20.060000000000002,-73.26978094839369
20.080000000000002,-73.42620661224595
20.100000000000005,-73.30106608116414
20.12,-73.17592555008234
20.14,-73.05078501900054
20.16,-73.39492147947549
20.18,-73.48877687778683
20.200000000000003,-73.39492147947549
20.220000000000002,-73.39492147947549
20.240000000000002,-73.2072106828528
20.26,-73.52006201055728
20.28,-73.48877687778683
20.3,-73.5826322760982
20.32,-73.55134714332775
20.34,-73.5826322760982
20.360000000000003,-73.83291333826179
20.380000000000003,-73.61391740886863
20.400000000000002,-73.52006201055728
20.42,-73.55134714332775
20.440000000000005,-73.67648767440954
20.46,-73.5826322760982
20.48,-73.67648767440954
20.5,-73.73905793995043
20.52,-73.83291333826179
20.540000000000003,-73.6452025416391
20.560000000000002,-73.48877687778683
20.580000000000002,-73.55134714332775
20.6,-73.86419847103224
20.620000000000005,-73.98933900211404
20.64,-73.73905793995043
20.66,-73.77034307272089
20.68,-73.67648767440954
20.700000000000003,-73.67648767440954
20.720000000000002,-73.86419847103224
20.740000000000002,-73.86419847103224
20.76,-73.83291333826179
20.780000000000005,-73.86419847103224
20.800000000000004,-73.80162820549134
20.82,-73.95805386934359
20.84,-74.02062413488449
20.86,-73.98933900211404
20.880000000000003,-73.83291333826179
20.900000000000002,-73.98933900211404
20.92,-74.05190926765493
20.94,-73.92676873657314
20.960000000000004,-73.89548360380269
20.98,-73.92676873657314
21.0,-73.95805386934359
21.02,-73.92676873657314
21.040000000000003,-73.86419847103224
21.060000000000002,-73.83291333826179
21.080000000000002,-73.86419847103224
21.1,-73.89548360380269
21.120000000000005,-74.05190926765493
21.140000000000004,-74.0831944004254
21.16,-74.05190926765493
21.18,-73.86419847103224
21.2,-73.89548360380269
21.220000000000002,-73.86419847103224
21.240000000000002,-73.80162820549134
21.26,-73.83291333826179
21.28,-73.86419847103224
21.300000000000004,-73.92676873657314
21.320000000000004,-73.73905793995043
21.34,-73.86419847103224
21.36,-73.95805386934359
21.380000000000003,-73.73905793995043
21.400000000000002,-73.83291333826179
21.42,-73.77034307272089
21.44,-73.80162820549134
21.460000000000004,-73.80162820549134
21.480000000000004,-73.70777280717999
21.5,-73.80162820549134
21.52,-73.92676873657314
21.54,-73.98933900211404
21.560000000000002,-73.86419847103224
21.580000000000002,-73.77034307272089
21.6,-73.70777280717999
21.62,-73.80162820549134
21.640000000000004,-73.89548360380269
21.660000000000004,-73.86419847103224
21.68,-73.73905793995043
21.7,-73.70777280717999
21.720000000000002,-73.80162820549134
21.740000000000002,-73.77034307272089
21.76,-73.80162820549134
21.78,-73.73905793995043
21.800000000000004,-73.83291333826179
21.820000000000004,-73.70777280717999
21.840000000000003,-73.67648767440954
21.86,-73.86419847103224
21.88,-73.77034307272089
21.900000000000002,-73.67648767440954
21.92,-73.6452025416391
21.94,-73.80162820549134
21.96,-73.67648767440954
21.980000000000004,-73.70777280717999
22.000000000000004,-73.73905793995043
22.020000000000003,-73.80162820549134
22.04,-73.73905793995043
22.060000000000002,-73.61391740886863
22.080000000000002,-73.6452025416391
22.1,-73.70777280717999
22.12,-73.52006201055728
22.140000000000004,-73.39492147947549
22.160000000000004,-73.52006201055728
22.180000000000003,-73.67648767440954
22.2,-73.80162820549134
22.22,-73.73905793995043
22.240000000000002,-73.55134714332775
22.26,-73.5826322760982
22.28,-73.5826322760982
22.3,-73.6452025416391
22.320000000000004,-73.55134714332775
22.340000000000003,-73.55134714332775
22.360000000000003,-73.73905793995043
22.38,-73.83291333826179
22.400000000000002,-73.5826322760982
22.42,-73.48877687778683
22.44,-73.52006201055728
22.46,-73.6452025416391
22.480000000000004,-73.67648767440954
22.500000000000004,-73.5826322760982
22.520000000000003,-73.55134714332775
22.540000000000003,-73.52006201055728
22.56,-73.42620661224595
22.580000000000002,-73.39492147947549
22.6,-73.67648767440954
22.62,-73.73905793995043
22.64,-73.5826322760982
22.660000000000004,-73.39492147947549
22.680000000000003,-73.30106608116414
22.700000000000003,-73.36363634670504
22.72,-73.36363634670504
22.740000000000002,-73.30106608116414
22.76,-73.2072106828528
22.78,-73.17592555008234
22.8,-73.2072106828528
22.820000000000004,-73.3323512139346
22.840000000000003,-73.3323512139346
22.860000000000003,-73.2072106828528
22.880000000000003,-73.17592555008234
22.9,-73.2072106828528
22.92,-73.26978094839369
22.94,-73.17592555008234
22.96,-73.08207015177099
22.98,-73.08207015177099
23.000000000000004,-73.17592555008234
23.020000000000003,-73.36363634670504
23.040000000000003,-73.39492147947549
23.060000000000002,-73.26978094839369
23.080000000000002,-73.0194998862301
23.1,-73.11335528454144
23.12,-73.23849581562324
23.14,-73.23849581562324
23.160000000000004,-73.08207015177099
23.180000000000003,-73.17592555008234
23.200000000000003,-73.11335528454144
23.220000000000002,-73.05078501900054
23.240000000000002,-73.08207015177099
23.26,-73.11335528454144
23.28,-73.11335528454144
23.3,-73.05078501900054
23.32,-72.98821475345964
23.340000000000003,-72.8943593551483
23.360000000000003,-73.0194998862301
23.380000000000003,-73.05078501900054
23.400000000000002,-72.9569296206892
23.42,-72.80050395683695
23.44,-72.7692188240665
23.46,-72.80050395683695
23.48,-72.92564448791875
23.500000000000004,-72.92564448791875
23.520000000000003,-72.73793369129604
23.540000000000003,-72.61279316021424
23.560000000000002,-72.64407829298469
23.580000000000002,-72.8943593551483
23.6,-72.86307422237783
23.62,-72.70664855852559
23.64,-72.48765262913244
23.66,-72.64407829298469
23.680000000000003,-72.67536342575515
23.700000000000003,-72.8317890896074
23.720000000000002,-72.64407829298469
23.740000000000002,-72.58150802744379
23.760000000000005,-72.61279316021424
23.78,-72.64407829298469
23.8,-72.55022289467335
23.82,-72.51893776190289
23.840000000000003,-72.58150802744379
23.860000000000003,-72.48765262913244
23.880000000000003,-72.55022289467335
23.900000000000002,-72.58150802744379
23.92,-72.55022289467335
23.94,-72.48765262913244
23.96,-72.42508236359154
23.98,-72.3937972308211
24.0,-72.61279316021424
24.020000000000003,-72.58150802744379
24.040000000000003,-72.36251209805064
24.060000000000002,-72.3312269652802
24.080000000000002,-72.42508236359154
24.100000000000005,-72.55022289467335
24.12,-72.48765262913244
24.14,-72.3312269652802
24.16,-72.23737156696885
24.180000000000003,-72.3312269652802
24.200000000000003,-72.42508236359154
24.220000000000002,-72.3937972308211
24.240000000000002,-72.3312269652802
24.26,-72.2686566997393
24.280000000000005,-72.3937972308211
24.3,-72.45636749636199
24.32,-72.48765262913244
24.34,-72.1435161686575
24.360000000000003,-72.08094590311659
24.380000000000003,-72.0183756375757
24.400000000000002,-72.23737156696885
24.42,-72.2686566997393
24.440000000000005,-72.20608643419838
24.46,-72.17480130142795
24.48,-72.08094590311659
24.5,-71.92452023926435
24.520000000000003,-71.92452023926435
24.540000000000003,-72.11223103588705
24.560000000000002,-72.04966077034615
24.580000000000002,-71.98709050480524
24.6,-72.0183756375757
24.620000000000005,-71.98709050480524
24.64,-71.95580537203479
24.66,-71.95580537203479
24.68,-71.89323510649389
24.700000000000003,-71.95580537203479
24.720000000000002,-71.98709050480524
24.740000000000002,-71.89323510649389
24.76,-71.83066484095299
24.780000000000005,-71.95580537203479
24.800000000000004,-71.89323510649389
24.82,-71.89323510649389
24.84,-71.92452023926435
24.860000000000003,-71.86194997372344
24.880000000000003,-71.79937970818256
24.900000000000002,-71.73680944264164
24.92,-71.76809457541209
24.94,-71.83066484095299
24.960000000000004,-71.79937970818256
24.980000000000004,-71.83066484095299
25.0,-71.76809457541209
25.02,-71.6429540443303
25.040000000000003,-71.67423917710074
25.060000000000002,-71.67423917710074
25.080000000000002,-71.73680944264164
25.1,-71.5803837787894
25.120000000000005,-71.7055243098712
25.140000000000004,-71.79937970818256
25.16,-71.67423917710074
25.18,-71.5178135132485
25.200000000000003,-71.42395811493715
25.220000000000002,-71.61166891155985
25.240000000000002,-71.83066484095299
25.26,-71.61166891155985
25.28,-71.45524324770759
25.300000000000004,-71.45524324770759
25.320000000000004,-71.5803837787894
25.34,-71.61166891155985
25.36,-71.45524324770759
25.380000000000003,-71.45524324770759
25.400000000000002,-71.3926729821667
25.42,-71.45524324770759
25.44,-71.48652838047805
25.460000000000004,-71.36138784939625
25.480000000000004,-71.48652838047805
25.500000000000004,-71.3926729821667
25.52,-71.29881758385534
25.540000000000003,-71.3926729821667
25.560000000000002,-71.2675324510849
25.580000000000002,-71.33010271662579
25.6,-71.3926729821667
25.62,-71.3926729821667
25.640000000000004,-71.33010271662579
25.660000000000004,-71.23624731831444
25.68,-71.1423919200031
25.7,-71.36138784939625
25.720000000000002,-71.48652838047805
25.740000000000002,-71.3926729821667
25.76,-71.20496218554399
25.78,-71.1423919200031
25.800000000000004,-71.42395811493715
25.820000000000004,-71.42395811493715
25.840000000000003,-71.23624731831444
25.86,-71.20496218554399
25.880000000000003,-71.17367705277354
25.900000000000002,-71.11110678723264
25.92,-71.11110678723264
25.94,-71.20496218554399
25.96,-71.20496218554399
25.980000000000004,-71.1423919200031
26.000000000000004,-71.04853652169174
26.020000000000003,-70.98596625615085
26.04,-70.8921108578395
26.060000000000002,-70.9546811233804
26.080000000000002,-71.11110678723264
26.1,-71.0798216544622
26.12,-70.9546811233804
26.140000000000004,-70.79825545952814
26.160000000000004,-70.79825545952814
26.180000000000003,-70.8295405922986
26.200000000000003,-70.8921108578395
26.220000000000002,-70.86082572506905
26.240000000000002,-70.8921108578395
26.26,-70.79825545952814
26.28,-70.79825545952814
26.3,-70.7044000612168
26.320000000000004,-70.67311492844634
26.340000000000003,-70.7044000612168
26.360000000000003,-70.73568519398725
26.38,-70.79825545952814
26.400000000000002,-70.73568519398725
26.42,-70.67311492844634
26.44,-70.67311492844634
26.46,-70.61054466290545
26.480000000000004,-70.5166892645941
26.500000000000004,-70.6418297956759
26.520000000000003,-70.6418297956759
26.540000000000003,-70.57925953013499
26.560000000000002,-70.61054466290545
26.580000000000002,-70.61054466290545
26.6,-70.5166892645941
26.62,-70.4541189990532
26.64,-70.5166892645941
26.660000000000004,-70.57925953013499
26.680000000000003,-70.54797439736454
26.700000000000003,-70.48540413182366
26.720000000000002,-70.23512306966005
26.740000000000002,-70.3289784679714
26.76,-70.61054466290545
26.78,-70.57925953013499
26.8,-70.3289784679714
26.820000000000004,-70.17255280411915
26.840000000000003,-70.1412676713487
26.860000000000003,-70.42283386628274
26.880000000000003,-70.4541189990532
26.900000000000002,-70.3289784679714
26.92,-70.1412676713487
26.94,-70.1412676713487
26.96,-70.2038379368896
26.98,-70.17255280411915
27.000000000000004,-70.2038379368896
27.020000000000003,-70.1412676713487
27.040000000000003,-70.17255280411915
27.060000000000002,-70.0786974058078
27.080000000000002,-70.1412676713487
27.1,-70.23512306966005
27.12,-70.23512306966005
27.14,-70.17255280411915
27.160000000000004,-70.10998253857825
27.180000000000003,-69.98484200749645
27.200000000000003,-69.953556874726
27.220000000000002,-70.04741227303735
27.240000000000006,-69.98484200749645
27.26,-69.98484200749645
27.28,-70.04741227303735
27.3,-69.953556874726
27.32,-69.953556874726
27.340000000000003,-69.92227174195554
27.360000000000003,-69.98484200749645
27.380000000000003,-69.98484200749645
27.400000000000002,-69.953556874726
27.42,-69.85970147641466
27.44,-69.67199067979195
27.46,-69.7032758125624
27.48,-69.92227174195554
27.500000000000004,-70.04741227303735
27.520000000000003,-69.82841634364421
27.540000000000003,-69.7658460781033
27.560000000000002,-69.6407055470215
27.580000000000005,-69.7032758125624
27.6,-69.79713121087374
27.62,-69.7032758125624
27.64,-69.6407055470215
27.66,-69.5155650159397
27.680000000000003,-69.5781352814806
27.700000000000003,-69.48427988316925
27.720000000000002,-69.54685014871015
27.740000000000002,-69.73456094533286
27.760000000000005,-69.7032758125624
27.78,-69.54685014871015
27.8,-69.4529947503988
27.82,-69.327854219317
27.840000000000003,-69.26528395377609
27.860000000000003,-69.4529947503988
27.880000000000003,-69.5155650159397
27.900000000000002,-69.4529947503988
27.920000000000005,-69.42170961762835
27.94,-69.42170961762835
27.96,-69.3904244848579
27.98,-69.26528395377609
28.0,-69.35913935208745
28.020000000000003,-69.3904244848579
28.040000000000003,-69.3904244848579
28.060000000000002,-69.3904244848579
28.080000000000002,-69.26528395377609
28.100000000000005,-69.17142855546476
28.12,-69.26528395377609
28.14,-69.26528395377609
28.16,-69.07757315715341
28.180000000000003,-69.0150028916125
28.200000000000003,-69.10885828992386
28.220000000000002,-69.3904244848579
28.240000000000002,-69.29656908654655
28.260000000000005,-69.2027136882352
28.280000000000005,-69.1401434226943
28.3,-69.04628802438295
28.32,-69.07757315715341
28.34,-69.1401434226943
28.360000000000003,-69.327854219317
28.380000000000003,-69.17142855546476
28.400000000000002,-69.10885828992386
28.42,-68.95243262607161
28.440000000000005,-69.04628802438295
28.460000000000004,-69.17142855546476
28.48,-69.1401434226943
28.5,-69.23399882100566
28.520000000000003,-69.23399882100566
28.540000000000003,-69.07757315715341
28.560000000000002,-68.98371775884206
28.580000000000002,-68.98371775884206
28.600000000000005,-69.04628802438295
28.620000000000005,-69.04628802438295
28.64,-68.95243262607161
28.66,-68.8272920949898
28.68,-68.85857722776026
28.700000000000003,-68.8272920949898
28.720000000000002,-68.79600696221935
28.740000000000002,-68.7647218294489
28.76,-68.5770110328262
28.780000000000005,-68.79600696221935
28.800000000000004,-68.98371775884206
28.82,-68.79600696221935
28.84,-68.85857722776026
28.860000000000003,-68.92114749330115
28.880000000000003,-68.702151563908
28.900000000000002,-68.6395812983671
28.92,-68.73343669667845
28.940000000000005,-68.702151563908
28.960000000000004,-68.60829616559666
28.980000000000004,-68.67086643113755
29.0,-68.67086643113755
29.02,-68.67086643113755
29.040000000000003,-68.48315563451486
29.060000000000002,-68.32672997066261
29.080000000000002,-68.54572590005576
29.1,-68.6395812983671
29.120000000000005,-68.48315563451486
29.140000000000004,-68.3893002362035
29.16,-68.42058536897396
29.18,-68.45187050174441
29.200000000000003,-68.42058536897396
29.220000000000002,-68.29544483789215
29.240000000000002,-68.23287457235125
29.26,-68.2641597051217
29.280000000000005,-68.2641597051217
29.300000000000004,-68.20158943958081
29.320000000000004,-68.23287457235125
29.34,-68.48315563451486
29.36,-68.20158943958081
29.380000000000003,-68.17030430681035
29.400000000000002,-68.2641597051217
29.42,-68.20158943958081
29.44,-68.076448908499
29.460000000000004,-68.1390191740399
29.480000000000004,-68.1390191740399
29.500000000000004,-68.10773404126945
29.52,-68.10773404126945
29.540000000000003,-68.076448908499
29.560000000000002,-68.04516377572855
29.580000000000002,-67.98259351018766
29.6,-67.85745297910584
29.620000000000005,-67.85745297910584
29.640000000000004,-67.9513083774172
29.660000000000004,-67.98259351018766
29.680000000000003,-67.92002324464676
29.7,-67.73231244802405
29.720000000000002,-67.6384570497127
29.740000000000002,-67.76359758079451
29.76,-67.82616784633541
29.78,-67.82616784633541
29.800000000000004,-67.9513083774172
29.820000000000004,-67.70102731525361
29.840000000000003,-67.60717191694225
29.86,-67.60717191694225
29.880000000000003,-67.73231244802405
29.900000000000002,-67.82616784633541
29.92,-67.70102731525361
29.94,-67.60717191694225
29.960000000000004,-67.6384570497127
29.980000000000004,-67.60717191694225
30.000000000000004,-67.57588678417181
30.020000000000003,-67.57588678417181
30.04,-67.66974218248316
30.060000000000002,-67.66974218248316
30.080000000000002,-67.60717191694225
30.1,-67.60717191694225
30.12,-67.5133165186309
30.140000000000004,-67.57588678417181
30.160000000000004,-67.54460165140136
30.180000000000003,-67.41946112031955
30.200000000000003,-67.45074625309002
30.220000000000002,-67.57588678417181
30.240000000000002,-67.57588678417181
30.26,-67.48203138586045
30.28,-67.2630354564673
30.300000000000004,-67.32560572200822
30.320000000000004,-67.45074625309002
30.340000000000003,-67.5133165186309
30.360000000000003,-67.3881759875491
30.38,-67.41946112031955
30.400000000000002,-67.2630354564673
30.42,-67.35689085477865
30.44,-67.2630354564673
30.46,-67.32560572200822
30.480000000000004,-67.3881759875491
30.500000000000004,-67.5133165186309
30.520000000000003,-67.48203138586045
30.540000000000003,-67.23175032369686
30.560000000000002,-67.16918005815596
30.580000000000002,-67.2630354564673
30.6,-67.32560572200822
30.62,-67.3881759875491
30.640000000000004,-67.32560572200822
30.660000000000004,-67.13789492538551
30.680000000000003,-67.13789492538551
30.700000000000003,-67.16918005815596
30.720000000000006,-67.13789492538551
30.740000000000002,-67.20046519092641
30.76,-67.23175032369686
30.78,-67.01275439430371
30.8,-67.10660979261506
30.820000000000004,-67.29432058923776
30.840000000000003,-67.23175032369686
30.860000000000003,-66.98146926153325
30.880000000000003,-66.9501841287628
30.900000000000002,-67.07532465984461
30.92,-67.04403952707416
30.94,-66.98146926153325
30.96,-66.6999030665992
30.980000000000004,-66.6999030665992
31.000000000000004,-66.91889899599236
31.020000000000003,-66.85632873045145
31.040000000000003,-66.7624733321401
31.060000000000006,-66.73118819936965
31.080000000000002,-66.79375846491057
31.1,-66.66861793382877
31.12,-66.66861793382877
31.14,-66.85632873045145
31.160000000000004,-66.79375846491057
31.180000000000003,-66.6999030665992
31.200000000000003,-66.73118819936965
31.220000000000002,-66.60604766828786
31.240000000000006,-66.6999030665992
31.26,-66.85632873045145
31.28,-66.825043597681
31.3,-66.60604766828786
31.32,-66.44962200443561
31.34,-66.44962200443561
31.360000000000007,-66.57476253551741
31.380000000000006,-66.51219226997651
31.400000000000006,-66.48090713720606
31.42,-66.35576660612426
31.44,-66.26191120781291
31.46,-66.38705173889471
31.48,-66.48090713720606
31.5,-66.44962200443561
31.52,-66.41833687166516
31.540000000000006,-66.35576660612426
31.560000000000006,-66.16805580950157
31.580000000000005,-66.199340942272
31.6,-66.26191120781291
31.62,-66.41833687166516
31.64,-66.26191120781291
31.66,-66.26191120781291
31.68,-66.35576660612426
31.700000000000006,-66.35576660612426
31.720000000000006,-66.16805580950157
31.740000000000006,-66.0742004111902
31.760000000000005,-66.0742004111902
31.78,-66.10548554396065
31.8,-66.0742004111902
31.82,-66.13677067673112
31.84,-66.0742004111902
31.86,-66.10548554396065
31.880000000000006,-66.13677067673112
31.900000000000006,-66.199340942272
31.920000000000005,-66.10548554396065
31.940000000000005,-65.98034501287886
31.96,-65.91777474733797
31.98,-65.85520448179706
32.0,-65.85520448179706
32.02,-65.94905988010841
32.040000000000006,-65.88648961456751
32.06,-65.88648961456751
32.080000000000005,-65.76134908348571
32.1,-65.66749368517436
32.120000000000005,-65.63620855240391
32.14,-65.66749368517436
32.160000000000004,-65.73006395071526
32.18,-65.79263421625618
32.2,-65.76134908348571
32.220000000000006,-65.73006395071526
32.24,-65.60492341963347
32.260000000000005,-65.47978288855167
32.28,-65.66749368517436
32.300000000000004,-65.79263421625618
32.32,-65.66749368517436
32.34,-65.57363828686302
32.36,-65.54235315409257
32.38,-65.60492341963347
32.400000000000006,-65.54235315409257
32.42,-65.41721262301076
32.440000000000005,-65.41721262301076
32.46,-65.4484977557812
32.480000000000004,-65.60492341963347
32.5,-65.51106802132212
32.52,-65.35464235746987
32.54,-65.32335722469941
32.56,-65.41721262301076
32.580000000000005,-65.38592749024032
32.6,-65.41721262301076
32.620000000000005,-65.35464235746987
32.64,-65.35464235746987
32.660000000000004,-65.26078695915852
32.68,-65.32335722469941
32.7,-65.32335722469941
32.720000000000006,-65.29207209192896
32.74,-65.26078695915852
32.760000000000005,-65.19821669361761
32.78,-65.19821669361761
32.800000000000004,-65.26078695915852
32.82,-65.19821669361761
32.84,-65.16693156084716
32.86,-65.10436129530626
32.88,-65.07307616253581
32.900000000000006,-65.13564642807671
32.92,-65.07307616253581
32.940000000000005,-65.04179102976536
32.96,-65.10436129530626
32.980000000000004,-65.13564642807671
33.0,-65.22950182638806
33.02,-65.10436129530626
33.04,-64.91665049868357
33.06000000000001,-64.94793563145402
33.080000000000005,-65.10436129530626
33.1,-65.19821669361761
33.120000000000005,-64.97922076422446
33.14,-64.85408023314267
33.160000000000004,-64.88536536591312
33.18,-65.01050589699491
33.2,-64.85408023314267
33.22,-64.94793563145402
33.24000000000001,-64.91665049868357
33.260000000000005,-65.01050589699491
33.28,-64.82279510037222
33.300000000000004,-64.79150996760175
33.32,-64.72893970206087
33.34,-64.91665049868357
33.36,-64.79150996760175
33.38,-64.60379917097907
33.400000000000006,-64.6976545692904
33.42,-64.85408023314267
33.440000000000005,-64.94793563145402
33.46,-64.82279510037222
33.480000000000004,-64.6976545692904
33.5,-64.76022483483132
33.52,-64.66636943651996
33.54,-64.57251403820861
33.56,-64.60379917097907
33.580000000000005,-64.57251403820861
33.6,-64.82279510037222
33.620000000000005,-64.6976545692904
33.64,-64.57251403820861
33.660000000000004,-64.47865863989726
33.68,-64.50994377266773
33.7,-64.6976545692904
33.72,-64.6976545692904
33.74000000000001,-64.57251403820861
33.760000000000005,-64.54122890543816
33.78,-64.57251403820861
33.800000000000004,-64.47865863989726
33.82,-64.57251403820861
33.84,-64.54122890543816
33.86,-64.35351810881546
33.88,-64.32223297604502
33.9,-64.54122890543816
33.92000000000001,-64.41608837435636
33.940000000000005,-64.35351810881546
33.96,-64.41608837435636
33.980000000000004,-64.32223297604502
34.0,-64.25966271050412
34.02,-64.25966271050412
34.04,-64.41608837435636
34.06,-64.35351810881546
34.080000000000005,-64.38480324158593
34.10000000000001,-64.16580731219277
34.120000000000005,-64.16580731219277
34.14,-64.16580731219277
34.160000000000004,-64.16580731219277
34.18,-64.19709244496322
34.2,-64.07195191388142
34.22,-64.13452217942232
34.24,-64.16580731219277
34.260000000000005,-63.946811382799616
34.28000000000001,-63.91552625002917
34.300000000000004,-64.04066678111096
34.32,-64.07195191388142
34.34,-64.19709244496322
34.36,-64.10323704665187
34.38,-63.97809651557007
34.4,-63.97809651557007
34.42000000000001,-64.07195191388142
34.440000000000005,-64.04066678111096
34.46000000000001,-63.91552625002917
34.480000000000004,-63.91552625002917
34.5,-63.88424111725871
34.52,-63.79038571894736
34.54,-63.75910058617691
34.56,-63.79038571894736
34.58,-63.91552625002917
34.60000000000001,-63.79038571894736
34.620000000000005,-63.79038571894736
34.64,-63.72781545340647
34.660000000000004,-63.82167085171782
34.68,-63.85295598448827
34.7,-63.69653032063602
34.72,-63.665245187865565
34.74,-63.72781545340647
34.760000000000005,-63.79038571894736
34.78000000000001,-63.75910058617691
34.800000000000004,-63.665245187865565
34.82,-63.79038571894736
34.84,-63.69653032063602
34.86,-63.54010465678377
34.88,-63.57138978955422
34.9,-63.54010465678377
34.92,-63.602674922324674
34.940000000000005,-63.414964125701964
34.96000000000001,-63.414964125701964
34.980000000000004,-63.35239386016107
35.0,-63.44624925847242
35.02,-63.44624925847242
35.04,-63.50881952401331
35.06,-63.414964125701964
35.08,-63.25853846184972
35.10000000000001,-63.16468306353837
35.120000000000005,-63.32110872739062
35.14000000000001,-63.383678992931515
35.160000000000004,-63.44624925847242
35.18,-63.227253329079275
35.2,-63.28982359462017
35.22,-63.32110872739062
35.24,-63.35239386016107
35.26,-63.10211279799748
35.28000000000001,-63.008257399686116
35.300000000000004,-62.88311686860432
35.32000000000001,-62.88311686860432
35.34,-62.97697226691567
35.36,-62.945687134145224
35.38,-63.07082766522702
35.4,-63.13339793076791
35.42,-63.07082766522702
35.440000000000005,-62.945687134145224
35.46000000000001,-62.82054660306343
35.480000000000004,-62.82054660306343
35.50000000000001,-62.88311686860432
35.52,-63.008257399686116
35.54,-62.91440200137477
35.56,-62.91440200137477
35.58,-62.72669120475208
35.6,-62.69540607198162
35.620000000000005,-62.72669120475208
35.64000000000001,-62.72669120475208
35.660000000000004,-62.69540607198162
35.68000000000001,-62.66412093921117
35.7,-62.63283580644072
35.72,-62.47641014258847
35.74,-62.570265540899825
35.76,-62.66412093921117
35.78000000000001,-62.66412093921117
35.800000000000004,-62.53898040812937
35.82000000000001,-62.382554744277115
35.84,-62.382554744277115
35.86,-62.382554744277115
35.88,-62.35126961150667
35.9,-62.31998447873622
35.92,-62.382554744277115
35.94,-62.41383987704757
35.96000000000001,-62.41383987704757
35.980000000000004,-62.19484394765442
36.00000000000001,-62.007133151031724
36.02,-62.10098854934307
36.04,-62.226129080424876
36.06,-62.25741421319532
36.08,-62.19484394765442
36.1,-62.10098854934307
36.120000000000005,-62.13227368211352
36.14000000000001,-62.10098854934307
36.160000000000004,-62.19484394765442
36.18000000000001,-62.226129080424876
36.2,-62.03841828380217
36.22,-62.06970341657262
36.24,-62.13227368211352
36.26,-62.25741421319532
36.28,-62.19484394765442
36.300000000000004,-62.03841828380217
36.32000000000001,-61.913277752720376
36.34,-62.06970341657262
36.36000000000001,-62.10098854934307
36.38,-62.06970341657262
36.4,-62.03841828380217
36.42,-61.913277752720376
36.44,-61.913277752720376
36.46000000000001,-61.94456288549082
36.480000000000004,-61.913277752720376
36.50000000000001,-61.78813722163858
36.52,-61.75685208886812
36.540000000000006,-61.88199261994992
36.56,-61.913277752720376
36.58,-61.81942235440902
36.6,-61.662996690556774
36.62,-61.662996690556774
36.64000000000001,-61.75685208886812
36.660000000000004,-61.81942235440902
36.68000000000001,-61.72556695609767
36.7,-61.600426425015876
36.720000000000006,-61.662996690556774
36.74,-61.662996690556774
36.76,-61.631711557786325
36.78,-61.69428182332722
36.800000000000004,-61.600426425015876
36.82000000000001,-61.631711557786325
36.84,-61.631711557786325
36.86000000000001,-61.50657102670452
36.88,-61.600426425015876
36.900000000000006,-61.600426425015876
36.92,-61.41271562839318
36.94,-61.44400076116362
36.96,-61.41271562839318
36.980000000000004,-61.41271562839318
37.00000000000001,-61.38143049562272
37.02,-61.41271562839318
37.040000000000006,-61.256289964540926
37.06,-61.006008902377324
37.08,-61.13114943345913
37.1,-61.256289964540926
37.12,-61.256289964540926
37.14000000000001,-61.19371969900003
37.160000000000004,-61.006008902377324
37.18000000000001,-60.91215350406598
37.2,-61.037294035147774
37.220000000000006,-61.19371969900003
37.24,-61.19371969900003
37.26,-61.16243456622958
37.28,-61.037294035147774
37.3,-60.91215350406598
37.32000000000001,-61.06857916791822
37.34,-61.006008902377324
37.36000000000001,-61.037294035147774
37.38,-60.974723769606875
37.400000000000006,-60.91215350406598
37.42,-60.943438636836426
37.44,-60.974723769606875
37.46,-61.006008902377324
37.480000000000004,-60.91215350406598
37.50000000000001,-60.943438636836426
37.52,-60.78701297298417
37.540000000000006,-60.81829810575463
37.56,-60.88086837129553
37.580000000000005,-60.81829810575463
37.6,-60.81829810575463
37.62,-60.630587309131926
37.64,-60.50544677805013
37.660000000000004,-60.50544677805013
37.68000000000001,-60.53673191082058
37.7,-60.630587309131926
37.720000000000006,-60.72444270744327
37.74,-60.53673191082058
37.760000000000005,-60.31773598142743
37.78,-60.41159137973877
37.8,-60.50544677805013
37.82000000000001,-60.38030624696833
37.84,-60.31773598142743
37.86000000000001,-60.41159137973877
37.88,-60.41159137973877
37.900000000000006,-60.38030624696833
37.92,-60.22388058311608
37.940000000000005,-60.19259545034563
37.96,-60.25516571588653
37.98,-60.349021114197875
38.00000000000001,-60.31773598142743
38.02,-60.22388058311608
38.040000000000006,-60.06745491926383
38.06,-60.13002518480473
38.080000000000005,-60.22388058311608
38.1,-60.25516571588653
38.120000000000005,-60.19259545034563
38.14,-60.00488465372293
38.160000000000004,-60.06745491926383
38.18000000000001,-60.036169786493375
38.2,-60.036169786493375
38.220000000000006,-60.036169786493375
38.24,-59.973599520952476
38.260000000000005,-59.973599520952476
38.28,-59.91102925541158
38.3,-59.942314388182034
38.32,-59.942314388182034
38.34,-59.84845898987068
38.36000000000001,-59.879744122641135
38.38,-59.91102925541158
38.400000000000006,-59.75460359155933
38.42,-59.66074819324798
38.440000000000005,-59.84845898987068
38.46,-59.81717385710023
38.48,-59.56689279493663
38.50000000000001,-59.44175226385483
38.52,-59.44175226385483
38.540000000000006,-59.44175226385483
38.56,-59.47303739662528
38.580000000000005,-59.41046713108438
38.6,-59.379181998313925
38.620000000000005,-59.41046713108438
38.64,-59.47303739662528
38.66,-59.379181998313925
38.68000000000001,-59.25404146723213
38.7,-59.16018606892078
38.720000000000006,-59.222756334461685
38.74,-59.19147120169123
38.760000000000005,-59.03504553783898
38.78,-58.972475272298084
38.800000000000004,-59.06633067060943
38.82,-59.03504553783898
38.84,-58.87861987398673
38.86000000000001,-58.78476447567538
38.88,-58.81604960844583
38.900000000000006,-58.84733474121629
38.92,-59.03504553783898
38.940000000000005,-59.03504553783898
38.96,-58.87861987398673
38.980000000000004,-58.659623944593584
39.0,-58.84733474121629
39.02,-58.87861987398673
39.040000000000006,-58.84733474121629
39.06,-58.72219421013448
39.080000000000005,-58.628338811823134
39.1,-58.628338811823134
39.120000000000005,-58.72219421013448
39.14,-58.69090907736403
39.160000000000004,-58.534483413511786
39.18000000000001,-58.34677261688908
39.2,-58.37805774965953
39.220000000000006,-58.44062801520043
39.24,-58.628338811823134
39.260000000000005,-58.47191314797089
39.28,-58.252917218577736
39.300000000000004,-58.12777668749593
39.32,-58.19034695303684
39.34,-58.34677261688908
39.36000000000001,-58.44062801520043
39.38,-58.252917218577736
39.400000000000006,-58.06520642195503
39.42,-58.002636156414134
39.440000000000005,-58.03392128918458
39.46,-58.12777668749593
39.480000000000004,-58.002636156414134
39.5,-57.90878075810278
39.52,-57.87749562533234
39.540000000000006,-58.12777668749593
39.56,-58.09649155472548
39.580000000000005,-58.03392128918458
39.6,-57.78364022702098
39.620000000000005,-57.81492535979144
39.64,-57.90878075810278
39.660000000000004,-57.90878075810278
39.68,-57.84621049256188
39.7,-57.940065890873235
39.720000000000006,-57.81492535979144
39.74,-57.78364022702098
39.760000000000005,-57.595929430398286
39.78,-57.43950376654604
39.800000000000004,-57.627214563168735
39.82,-57.78364022702098
39.84,-57.53335916485739
39.86000000000001,-57.53335916485739
39.88,-57.43950376654604
39.900000000000006,-57.43950376654604
39.92,-57.56464429762784
39.940000000000005,-57.53335916485739
39.96,-57.50207403208694
39.980000000000004,-57.345648368234684
40.0,-57.18922270438244
40.02,-57.22050783715289
40.040000000000006,-57.251792969923336
40.06,-57.22050783715289
40.080000000000005,-57.251792969923336
40.1,-57.12665243884154
40.120000000000005,-57.12665243884154
40.14,-56.970226774989285
40.160000000000004,-56.78251597836659
40.18,-56.78251597836659
40.20000000000001,-57.00151190775974
40.220000000000006,-57.09536730607108
40.24,-56.81380111113704
40.260000000000005,-56.59480518174389
40.28,-56.71994571282569
40.300000000000004,-56.970226774989285
40.32,-56.970226774989285
40.34,-56.81380111113704
40.36,-56.626090314514336
40.38000000000001,-56.56352004897344
40.400000000000006,-56.59480518174389
40.42,-56.56352004897344
40.440000000000005,-56.56352004897344
40.46,-56.46966465066209
40.480000000000004,-56.46966465066209
40.5,-56.34452411958029
40.52,-56.313238986809836
40.540000000000006,-56.46966465066209
40.56,-56.50094978343254
40.580000000000005,-56.46966465066209
40.6,-56.375809252350734
40.620000000000005,-56.40709438512119
40.64,-56.375809252350734
40.660000000000004,-56.313238986809836
40.68,-56.25066872126894
40.7,-56.21938358849849
40.720000000000006,-56.15681332295759
40.74,-56.18809845572804
40.760000000000005,-56.313238986809836
40.78,-56.12552819018714
40.800000000000004,-56.12552819018714
40.82,-56.000387659105336
40.84,-56.09424305741669
40.86,-56.06295792464624
40.88000000000001,-55.96910252633489
40.900000000000006,-55.843961995253096
40.92,-55.93781739356444
40.940000000000005,-56.000387659105336
40.96,-55.93781739356444
40.980000000000004,-55.93781739356444
41.0,-55.93781739356444
41.02,-55.87524712802354
41.04,-55.81267686248264
41.06000000000001,-55.843961995253096
41.080000000000005,-55.81267686248264
41.1,-55.96910252633489
41.120000000000005,-55.78139172971219
41.14,-55.78139172971219
41.160000000000004,-55.65625119863039
41.18,-55.71882146417129
41.2,-55.81267686248264
41.220000000000006,-55.81267686248264
41.24000000000001,-55.81267686248264
41.260000000000005,-55.78139172971219
41.28,-55.68753633140084
41.300000000000004,-55.75010659694174
41.32,-55.71882146417129
41.34,-55.593680933089495
41.36,-55.531110667548596
41.38,-55.593680933089495
41.400000000000006,-55.593680933089495
41.42000000000001,-55.65625119863039
41.440000000000005,-55.531110667548596
41.46,-55.49982553477814
41.480000000000004,-55.43725526923724
41.5,-55.40597013646679
41.52,-55.531110667548596
41.54,-55.34339987092589
41.56000000000001,-55.249544472614545
41.580000000000005,-55.21825933984409
41.60000000000001,-55.37468500369634
41.620000000000005,-55.40597013646679
41.64,-55.34339987092589
41.660000000000004,-55.21825933984409
41.68,-55.12440394153274
41.7,-55.09311880876229
41.72,-55.09311880876229
41.74000000000001,-55.15568907430319
41.760000000000005,-55.06183367599184
41.78,-55.09311880876229
41.800000000000004,-55.15568907430319
41.82,-55.03054854322139
41.84,-54.99926341045094
41.86,-54.874122879369146
41.88,-54.81155261382825
41.900000000000006,-54.78026748105779
41.92000000000001,-55.09311880876229
41.940000000000005,-55.12440394153274
41.96,-54.84283774659869
41.980000000000004,-54.68641208274644
42.0,-54.655126949975994
42.02,-54.71769721551689
42.04,-54.68641208274644
42.06,-54.71769721551689
42.080000000000005,-54.71769721551689
42.10000000000001,-54.74898234828734
42.120000000000005,-54.81155261382825
42.14,-54.71769721551689
42.160000000000004,-54.592556684435095
42.18,-54.52998641889419
42.2,-54.49870128612375
42.22,-54.52998641889419
42.24000000000001,-54.655126949975994
42.260000000000005,-54.655126949975994
42.28000000000001,-54.49870128612375
42.300000000000004,-54.49870128612375
42.32,-54.342275622271494
42.34,-54.279705356730595
42.36,-54.342275622271494
42.38,-54.342275622271494
42.4,-54.49870128612375
42.42000000000001,-54.43613102058285
42.440000000000005,-54.43613102058285
42.46000000000001,-54.37356075504195
42.480000000000004,-54.18584995841925
42.5,-54.12327969287835
42.52,-54.09199456010789
42.54,-54.12327969287835
42.56,-54.1545648256488
42.580000000000005,-54.029424294566994
42.60000000000001,-54.09199456010789
42.620000000000005,-54.18584995841925
42.64000000000001,-54.09199456010789
42.660000000000004,-54.029424294566994
42.68,-53.93556889625565
42.7,-53.966854029026095
42.72,-53.87299863071474
42.74,-53.8417134979443
42.760000000000005,-53.8417134979443
42.78000000000001,-53.7165729668625
42.800000000000004,-53.904283763485196
42.82000000000001,-53.87299863071474
42.84,-53.622717568551145
42.86,-53.591432435780696
42.88,-53.5288621702398
42.9,-53.591432435780696
42.92000000000001,-53.5288621702398
42.940000000000005,-53.43500677192844
42.96000000000001,-53.24729597530575
42.980000000000004,-53.1534405769944
43.0,-53.24729597530575
43.02,-53.403721639158
43.04,-53.49757703746934
43.06,-53.2160108425353
43.08,-52.903159514830804
43.10000000000001,-52.93444464760125
43.120000000000005,-53.059585178683044
43.14000000000001,-53.1534405769944
43.160000000000004,-53.1534405769944
43.18,-53.0283000459126
43.2,-52.87187438206035
43.22,-52.997014913142145
43.24,-53.0908703114535
43.260000000000005,-52.903159514830804
43.28000000000001,-52.7154487182081
43.300000000000004,-52.55902305435585
43.32000000000001,-52.590308187126304
43.34,-52.6528784526672
43.36,-52.590308187126304
43.38,-52.46516765604451
43.4,-52.246171726651355
43.42,-52.2774568594218
43.440000000000005,-52.246171726651355
43.46000000000001,-52.2148865938809
43.480000000000004,-52.05846093002865
43.50000000000001,-51.933320398946854
43.52,-51.80817986786505
43.54,-51.68303933678325
43.56,-51.80817986786505
43.58,-51.7143244695537
43.60000000000001,-51.68303933678325
43.620000000000005,-51.557898805701456
43.64000000000001,-51.4014731418492
43.660000000000004,-51.3389028763083
43.68000000000001,-51.37018800907875
43.7,-51.49532854016056
43.72,-51.49532854016056
43.74,-51.4014731418492
43.76,-51.213762345226506
43.78000000000001,-50.963481283062904
43.800000000000004,-50.93219615029245
43.82000000000001,-50.83834075198111
43.84,-50.900911017522006
43.86000000000001,-50.86962588475155
43.88,-50.681915088128854
43.9,-50.33777862765391
43.92,-50.275208362113005
43.940000000000005,-50.275208362113005
43.96000000000001,-50.15006783103121
43.980000000000004,-49.993642167178955
44.00000000000001,-49.86850163609716
44.02,-49.71207597224491
44.040000000000006,-49.586935441163114
44.06,-49.49308004285176
44.08,-49.49308004285176
44.1,-49.21151384791771
44.120000000000005,-49.023803051295005
44.14000000000001,-48.83609225467231
44.160000000000004,-48.58581119250871
44.18000000000001,-48.33553013034511
44.2,-47.83496800601792
44.22,-47.647257209395214
44.24,-47.39697614723162
44.26,-46.990269421215764
44.28000000000001,-46.48970729688857
44.300000000000004,-45.645008712086415
44.32000000000001,-44.64388446343202
44.34,-42.547780567811884
44.36000000000001,-38.38685790934204
44.38,-31.504128699843058
44.4,-23.432564445066983
44.42,-16.205698775093055
44.44,-9.573250627757673
44.46000000000001,-2.9095173476518417
44.480000000000004,3.44136460474949
44.50000000000001,7.977708856464727
44.52,10.073812752084871
44.540000000000006,10.16766815039622
44.56,9.385539831134974
44.58,8.509556113562375
44.6,6.94529947503988
44.620000000000005,4.442488853403887
44.64000000000001,1.3452607091293463
44.660000000000004,-2.0022484973087944
44.68000000000001,-5.381042836517385
44.7,-8.947547972348675
44.720000000000006,-12.295057178786815
44.74,-15.611281252454505
44.76,-18.927505326122194
44.78,-22.118588868708088
44.800000000000004,-25.247102145753075
44.82000000000001,-28.25047489171627
44.84,-30.815855778893162
44.86000000000001,-33.3499515332996
44.88,-35.69633649108335
44.900000000000006,-38.199147112719345
44.92,-40.48296180496219
44.94,-42.48521030227098
44.96000000000001,-44.39360340126842
44.980000000000004,-45.89528977425002
45.00000000000001,-47.334405881690714
45.02,-48.46067066142691
45.040000000000006,-49.74336110501536
45.06,-50.963481283062904
45.080000000000005,-51.80817986786505
45.1,-52.590308187126304
45.12,-53.3411513736171
45.14000000000001,-54.1545648256488
45.160000000000004,-54.623841817205545
45.18000000000001,-55.03054854322139
45.2,-55.4685404020077
45.220000000000006,-56.03167279187579
45.24,-56.40709438512119
45.260000000000005,-56.657375447284785
45.28,-57.00151190775974
45.300000000000004,-57.345648368234684
45.32000000000001,-57.84621049256188
45.34,-58.03392128918458
45.36000000000001,-58.12777668749593
45.38,-58.44062801520043
45.400000000000006,-58.81604960844583
45.42,-59.19147120169123
45.44,-59.19147120169123
45.46,-59.09761580337988
45.480000000000004,-59.19147120169123
45.50000000000001,-59.629463060477526
45.52,-60.06745491926383
45.540000000000006,-60.13002518480473
45.56,-60.00488465372293
45.580000000000005,-60.09874005203428
45.6,-60.31773598142743
45.62,-60.41159137973877
45.64000000000001,-60.56801704359103
45.660000000000004,-60.943438636836426
45.68000000000001,-61.09986430068867
45.7,-61.22500483177048
45.720000000000006,-61.256289964540926
45.74,-61.44400076116362
45.760000000000005,-61.662996690556774
45.78,-61.75685208886812
45.8,-61.85070748717948
45.82000000000001,-62.007133151031724
45.84,-62.19484394765442
45.86000000000001,-62.50769527535892
45.88,-62.47641014258847
45.900000000000006,-62.47641014258847
45.92,-62.63283580644072
45.940000000000005,-62.945687134145224
45.96,-63.03954253245657
45.980000000000004,-63.07082766522702
46.00000000000001,-63.227253329079275
46.02,-63.383678992931515
46.040000000000006,-63.32110872739062
46.06,-63.32110872739062
46.080000000000005,-63.69653032063602
46.1,-63.91552625002917
46.120000000000005,-63.91552625002917
46.14,-64.00938164834051
46.160000000000004,-64.04066678111096
46.18000000000001,-64.25966271050412
46.2,-64.41608837435636
46.220000000000006,-64.54122890543816
46.24,-64.6976545692904
46.260000000000005,-64.66636943651996
46.28,-64.72893970206087
46.300000000000004,-64.66636943651996
46.32000000000001,-64.94793563145402
46.34,-65.22950182638806
46.36000000000001,-65.26078695915852
46.38,-65.16693156084716
46.400000000000006,-65.10436129530626
46.42,-65.19821669361761
46.440000000000005,-65.57363828686302
46.46,-65.66749368517436
46.480000000000004,-65.63620855240391
46.50000000000001,-65.76134908348571
46.52,-65.94905988010841
46.540000000000006,-65.98034501287886
46.56,-66.0742004111902
46.580000000000005,-66.23062607504247
46.6,-66.38705173889471
46.620000000000005,-66.48090713720606
46.64,-66.44962200443561
46.660000000000004,-66.54347740274696
46.68000000000001,-66.51219226997651
46.7,-66.6373328010583
46.720000000000006,-66.66861793382877
46.74,-66.6999030665992
46.760000000000005,-66.79375846491057
46.78,-67.01275439430371
46.800000000000004,-67.16918005815596
46.82,-67.10660979261506
46.84,-67.01275439430371
46.86000000000001,-67.16918005815596
46.88,-67.3881759875491
46.900000000000006,-67.35689085477865
46.92,-67.45074625309002
46.940000000000005,-67.48203138586045
46.96,-67.54460165140136
46.980000000000004,-67.57588678417181
47.00000000000001,-67.60717191694225
47.02,-67.6384570497127
47.040000000000006,-67.73231244802405
47.06,-67.79488271356496
47.080000000000005,-67.9513083774172
47.1,-67.9513083774172
47.120000000000005,-67.92002324464676
47.14,-67.9513083774172
47.160000000000004,-68.17030430681035
47.18000000000001,-68.17030430681035
47.2,-68.0138786429581
47.220000000000006,-68.04516377572855
47.24,-68.35801510343305
47.260000000000005,-68.45187050174441
47.28,-68.35801510343305
47.300000000000004,-68.48315563451486
47.32,-68.5770110328262
47.34000000000001,-68.60829616559666
47.36000000000001,-68.54572590005576
47.38,-68.54572590005576
47.400000000000006,-68.6395812983671
47.42,-68.8272920949898
47.440000000000005,-68.7647218294489
47.46,-68.67086643113755
47.480000000000004,-68.8898623605307
47.5,-68.85857722776026
47.52000000000001,-68.85857722776026
47.540000000000006,-68.8272920949898
47.56,-68.98371775884206
47.580000000000005,-69.04628802438295
47.6,-69.0150028916125
47.620000000000005,-69.04628802438295
47.64,-69.1401434226943
47.660000000000004,-69.07757315715341
47.68000000000001,-69.1401434226943
47.7,-69.07757315715341
47.720000000000006,-69.0150028916125
47.74,-69.17142855546476
47.760000000000005,-69.3904244848579
47.78,-69.17142855546476
47.800000000000004,-69.23399882100566
47.82,-69.07757315715341
47.84,-69.2027136882352
47.86000000000001,-69.327854219317
47.88,-69.26528395377609
47.900000000000006,-69.23399882100566
47.92,-69.23399882100566
47.940000000000005,-69.327854219317
47.96,-69.29656908654655
47.980000000000004,-69.29656908654655
48.0,-69.327854219317
48.02000000000001,-69.35913935208745
48.040000000000006,-69.35913935208745
48.06,-69.26528395377609
48.080000000000005,-69.48427988316925
48.1,-69.54685014871015
48.120000000000005,-69.42170961762835
48.14,-69.35913935208745
48.160000000000004,-69.42170961762835
48.18,-69.5155650159397
48.20000000000001,-69.54685014871015
48.220000000000006,-69.54685014871015
48.24,-69.48427988316925
48.260000000000005,-69.48427988316925
48.28,-69.48427988316925
48.300000000000004,-69.54685014871015
48.32,-69.67199067979195
48.34,-69.73456094533286
48.36000000000001,-69.6407055470215
48.38000000000001,-69.60942041425106
48.400000000000006,-69.6407055470215
48.42,-69.73456094533286
48.440000000000005,-69.73456094533286
48.46,-69.79713121087374
48.480000000000004,-69.82841634364421
48.5,-69.73456094533286
48.52,-69.6407055470215
48.540000000000006,-69.60942041425106
48.56000000000001,-69.7658460781033
48.580000000000005,-69.92227174195554
48.6,-69.953556874726
48.620000000000005,-69.85970147641466
48.64,-69.7032758125624
48.660000000000004,-69.7032758125624
48.68,-69.98484200749645
48.70000000000001,-70.0786974058078
48.720000000000006,-70.0786974058078
48.74000000000001,-69.7032758125624
48.760000000000005,-69.89098660918509
48.78,-70.1412676713487
48.800000000000004,-70.10998253857825
48.82,-69.98484200749645
48.84,-69.85970147641466
48.86,-69.89098660918509
48.88000000000001,-70.0786974058078
48.900000000000006,-70.0161271402669
48.92,-70.04741227303735
48.940000000000005,-69.89098660918509
48.96,-69.85970147641466
48.980000000000004,-70.10998253857825
49.0,-70.10998253857825
49.02,-70.0161271402669
49.040000000000006,-70.10998253857825
49.06000000000001,-70.0161271402669
49.080000000000005,-70.04741227303735
49.1,-70.0786974058078
49.120000000000005,-70.1412676713487
49.14,-69.953556874726
49.160000000000004,-69.89098660918509
49.18,-70.0786974058078
49.2,-70.0786974058078
49.220000000000006,-70.17255280411915
49.24000000000001,-70.0786974058078
49.260000000000005,-70.10998253857825
49.28,-70.0786974058078
49.300000000000004,-70.10998253857825
49.32,-70.0161271402669
49.34,-69.92227174195554
49.36,-70.0786974058078
49.38000000000001,-70.10998253857825
49.400000000000006,-70.0786974058078
49.42000000000001,-69.92227174195554
49.440000000000005,-69.89098660918509
49.46,-70.0161271402669
49.480000000000004,-70.04741227303735
49.5,-70.0786974058078
49.52,-70.04741227303735
49.54,-69.953556874726
49.56000000000001,-69.79713121087374
49.580000000000005,-69.89098660918509
49.60000000000001,-70.0161271402669
49.620000000000005,-70.04741227303735
49.64,-70.0786974058078
49.660000000000004,-70.10998253857825
49.68,-70.0786974058078
49.7,-70.0161271402669
49.720000000000006,-70.10998253857825
49.74000000000001,-70.0786974058078
49.760000000000005,-70.10998253857825
49.78000000000001,-70.1412676713487
49.800000000000004,-70.10998253857825
49.82,-70.10998253857825
49.84,-70.2038379368896
49.86,-70.23512306966005
49.88,-70.1412676713487
49.900000000000006,-70.0161271402669
49.92000000000001,-70.04741227303735
49.940000000000005,-70.3289784679714
49.96000000000001,-70.1412676713487
49.980000000000004,-70.04741227303735
